Смирнов;+853 (643) 377-54-90
Иванов;+381 (056) 839-59-76
Иванов;+594 (005) 879-61-97
Кузнецов;+503 (719) 450-23-33
Соколов;+212 (817) 462-34-07
Попов;+20 (337) 166-25-44
Лебедев;+235 (850) 863-69-21
Козлов;+677 (621) 537-74-13
Новиков;+352 (289) 126-19-14
Иванов;+223 (709) 616-49-44
Кузнецов;+54 (111) 517-98-77
Соколов;+509 (699) 485-82-19
Попов;+51 (757) 376-96-50
Лебедев;+381 (094) 361-45-99
Козлов;+20 (063) 307-79-04
Новиков;+976 (263) 591-18-41
Морозов;+597 (250) 093-35-34
Петров;+675 (889) 533-51-19
Волков;+377 (574) 763-28-23
Соловьёв;+63 (035) 638-45-19
Васильев;+963 (686) 379-71-40
Зайцев;+263 (497) 442-62-36
Павлов;+967 (167) 309-94-01
Семёнов;+228 (870) 247-24-95
Голубев;+258 (732) 075-01-69
Виноградов;+994 (047) 435-31-04
Богданов;+688 (317) 955-03-99
Воробьёв;+43 (415) 326-17-65
Зайцев;+241 (582) 867-98-09
Смирнов;+251 (734) 839-63-76
Соловьёв;+40 (316) 266-73-41
Беляев;+268 (118) 948-08-24
Тарасов;+245 (319) 159-86-08
Белов;+961 (548) 702-07-19
Комаров;+970 (505) 509-13-03
Орлов;+247 (690) 784-55-86
Киселёв;+502 (836) 033-29-79
Макаров;+48 (488) 150-52-48
Андреев;+375 (895) 699-01-06
Попов;+973 (658) 908-66-98